d_model,dropout,mean_val_f1,std_val_f1,mean_val_auc,n_seeds
64,0.1,0.7650666666666667,0.11625538553833394,0.6342500000000001,6
32,0.2,0.7597666666666667,0.040949367109476394,0.6296333333333334,6
32,0.1,0.7533666666666666,0.04037646178984322,0.64815,6
32,0.5,0.7482333333333333,0.034840244928339204,0.6388833333333334,6
64,0.2,0.7371,0.045574642072099734,0.6620333333333334,6
128,0.2,0.73115,0.045883014286334796,0.58335,6
96,0.2,0.72975,0.04662217283653778,0.5694333333333333,6
64,0.5,0.7255666666666666,0.020481568950318843,0.5879500000000001,6
96,0.3,0.7228166666666667,0.03383663202309987,0.6203666666666666,6
128,0.1,0.722,0.021931347427825754,0.5092666666666666,6
96,0.1,0.7206,0.022773142075699606,0.56945,6
128,0.5,0.7166833333333332,0.05771770669964869,0.5277833333333334,6
96,0.5,0.7081166666666666,0.02654252562712652,0.6111166666666666,6
32,0.3,0.7029833333333334,0.031963004656425334,0.6342666666666666,6
64,0.3,0.6950500000000001,0.034406263964574864,0.5601833333333334,6
128,0.3,0.69365,0.03362842547607606,0.5046166666666667,6
