d_model,dropout,seed,val_f1,val_auc,threshold,total_time_s
32,0.1,0,0.8,0.75,0.57,216.3
32,0.1,1,0.7059,0.6389,0.65,214.6
32,0.1,2,0.8,0.6111,0.65,209.8
32,0.1,3,0.75,0.6389,0.54,248.6
32,0.1,4,0.75,0.6389,0.62,251.1
32,0.1,5,0.7143,0.6111,0.67,213.2
32,0.2,0,0.7692,0.7222,0.57,277.4
32,0.2,1,0.8,0.6389,0.68,263.9
32,0.2,2,0.7692,0.6389,0.63,241.6
32,0.2,3,0.8,0.6111,0.58,277.8
32,0.2,4,0.7059,0.6111,0.57,276.2
32,0.2,5,0.7143,0.5556,0.67,239.3
32,0.3,0,0.7143,0.75,0.56,295.8
32,0.3,1,0.75,0.6944,0.65,272.7
32,0.3,2,0.7143,0.5556,0.63,234.4
32,0.3,3,0.6667,0.6389,0.52,270.8
32,0.3,4,0.7059,0.6389,0.59,271.3
32,0.3,5,0.6667,0.5278,0.39,228.1
32,0.5,0,0.7143,0.6389,0.46,274.5
32,0.5,1,0.75,0.5278,0.57,266.2
32,0.5,2,0.7692,0.7222,0.58,259.5
32,0.5,3,0.75,0.7222,0.49,283.0
32,0.5,4,0.7059,0.6111,0.57,3082.3
32,0.5,5,0.8,0.6111,0.48,1059.6
64,0.1,0,0.75,0.4722,0.67,227.5
64,0.1,1,0.7059,0.6944,0.64,267.3
64,0.1,2,0.7143,0.6389,0.58,265.0
64,0.1,3,0.7059,0.4722,0.52,272.8
64,0.1,4,0.7143,0.5278,0.62,303.9
64,0.1,5,1.0,1.0,0.68,255.3
64,0.2,0,0.75,0.4444,0.68,266.7
64,0.2,1,0.7059,0.6944,0.59,281.7
64,0.2,2,0.75,0.6667,0.58,276.6
64,0.2,3,0.75,0.7222,0.67,273.3
64,0.2,4,0.8,0.7778,0.61,305.4
64,0.2,5,0.6667,0.6667,0.42,270.7
64,0.3,0,0.6667,0.4722,0.66,299.2
64,0.3,1,0.7059,0.6389,0.62,295.7
64,0.3,2,0.75,0.75,0.42,285.1
64,0.3,3,0.6667,0.4167,0.1,280.4
64,0.3,4,0.7143,0.5,0.57,312.5
64,0.3,5,0.6667,0.5833,0.5,274.6
64,0.5,0,0.75,0.4444,0.65,300.7
64,0.5,1,0.75,0.5833,0.69,300.2
64,0.5,2,0.7273,0.6111,0.47,289.9
64,0.5,3,0.7143,0.6389,0.54,283.1
64,0.5,4,0.7059,0.6667,0.5,314.4
64,0.5,5,0.7059,0.5833,0.71,277.3
96,0.1,0,0.7059,0.5,0.72,328.7
96,0.1,1,0.7059,0.5,0.69,284.8
96,0.1,2,0.7059,0.4722,0.6,279.9
96,0.1,3,0.7059,0.6667,0.45,307.5
96,0.1,4,0.75,0.5278,0.7,261.1
96,0.1,5,0.75,0.75,0.76,291.9
96,0.2,0,0.7059,0.5556,0.69,328.7
96,0.2,1,0.6667,0.5833,0.1,285.0
96,0.2,2,0.7059,0.5,0.62,289.5
96,0.2,3,0.75,0.6111,0.51,316.3
96,0.2,4,0.75,0.4722,0.71,261.5
96,0.2,5,0.8,0.6944,0.77,290.4
96,0.3,0,0.75,0.6944,0.75,328.6
96,0.3,1,0.6667,0.6111,0.1,285.4
96,0.3,2,0.7059,0.4722,0.6,280.3
96,0.3,3,0.75,0.6667,0.52,310.2
96,0.3,4,0.7143,0.5556,0.71,262.9
96,0.3,5,0.75,0.7222,0.76,292.8
96,0.5,0,0.6667,0.5833,0.53,329.2
96,0.5,1,0.7059,0.6667,0.39,283.4
96,0.5,2,0.7143,0.6389,0.36,280.7
96,0.5,3,0.75,0.6111,0.56,310.8
96,0.5,4,0.7059,0.5,0.61,262.8
96,0.5,5,0.7059,0.6667,0.67,293.8
128,0.1,0,0.75,0.6111,0.6,305.1
128,0.1,1,0.75,0.6389,0.48,310.5
128,0.1,2,0.7143,0.4722,0.72,310.7
128,0.1,3,0.7059,0.3889,0.68,308.5
128,0.1,4,0.7059,0.5556,0.61,291.3
128,0.1,5,0.7059,0.3889,0.67,290.1
128,0.2,0,0.75,0.5278,0.7,303.7
128,0.2,1,0.8,0.75,0.69,310.0
128,0.2,2,0.7059,0.5556,0.67,311.5
128,0.2,3,0.6667,0.4722,0.1,310.1
128,0.2,4,0.75,0.5278,0.54,293.4
128,0.2,5,0.7143,0.6667,0.71,290.8
128,0.3,0,0.6667,0.5278,0.1,303.1
128,0.3,1,0.75,0.6389,0.41,310.6
128,0.3,2,0.6667,0.3611,0.1,311.7
128,0.3,3,0.6667,0.4444,0.1,310.1
128,0.3,4,0.7059,0.4444,0.6,293.3
128,0.3,5,0.7059,0.6111,0.71,290.9
128,0.5,0,0.6667,0.6389,0.56,303.6
128,0.5,1,0.75,0.5556,0.47,309.9
128,0.5,2,0.6667,0.3611,0.1,309.7
128,0.5,3,0.6667,0.4444,0.1,310.2
128,0.5,4,0.8,0.5,0.68,293.5
128,0.5,5,0.75,0.6667,0.68,291.1
